{
    "dice_no_threshold": 0.6505095958709717,
    "accuracy": 0.9908571348085509,
    "recall": 0.7334225330811351,
    "precision": 0.6849068585130402,
    "specificity": 0.9964566185230868,
    "F1 score": 0.6679619925739463,
    "Jaccard similarity": 0.5027292137507084,
    "loss": 0.3969424949897515
}